Type,Range,Value
Trade,0,0.17097570586824912
Trade,1-10,0.6155008345498497
Trade,11-20,0.11848362777910086
Trade,21-30,0.042810001929967784
Trade,31-40,0.0217990629157528
Trade,41-50,0.011038581535904422
Trade,51-60,0.0064562460538293625
Trade,61-70,0.0042939266922931655
Trade,71-80,0.002429340517709345
Trade,81-90,0.0018583356955952789
Trade,91-100,0.0009909685778255277
Trade,>100,0.003363367883922821
