day,averageDegree
1,1.305565556
2,0.362078966
3,1.171438571
4,0.517251379
5,1.321438571
6,1.21876
7,0.490576038
8,0.230779231
9,3.324334324
10,1.10001
11,1.210536316
12,1.636373636
13,1.018528519
14,1.333343333
15,2.037745849
16,2.716991132
17,3.733343333
18,1.50001
19,1.882362941
20,2.081091081
21,2.366676667
22,1.53126
23,1.178581429
24,1.035724286
25,1.466676667
26,1.575767576
27,0.789483684
28,1.87501
29,1.903235806
30,1.066676667
