day,averageDegree
1,0.833343333
2,2.120699655
3,2.371438571
4,2.206906552
5,1.00001
6,2.09376
7,1.905670377
8,3.442317692
9,1.810820811
10,1.77501
11,1.473694211
12,4.036373636
13,1.555565556
14,1.907417407
15,1.905670377
16,2.075481698
17,1.033343333
18,1.45001
19,1.617657059
20,1.72973973
21,2.266676667
22,1.75001
23,1.946438571
24,2.071438571
25,0.966676667
26,1.454555455
27,1.947378421
28,3.40626
29,3.451622903
30,3.483343333
