day,averageDegree
1,2.138898889
2,2.482768621
3,3.542867143
4,2.724147931
5,2.321438571
6,3.31251
7,2.396236415
8,3.673086923
9,5.135145135
10,2.87501
11,2.684220526
12,5.672737273
13,2.574084074
14,3.240750741
15,3.943406226
16,4.79246283
17,4.766676667
18,2.95001
19,3.50001
20,3.810820811
21,4.633343333
22,3.28126
23,3.12501
24,3.107152857
25,2.433343333
26,3.03031303
27,2.736852105
28,5.28126
29,5.35484871
30,4.55001
