type,range,value
Message,0,9.018958099
Trade,0,22.704100893
Total,0,6.772669773
Message,1-3,16.735566551999998
Trade,1-3,3.6946400510000004
Total,1-3,15.969156917000003
Message,4-6,2.161429852
Trade,4-6,1.3247591509999999
Total,4-6,2.866139983
Message,7-9,0.7948462829999999
Trade,7-9,1.03712484
Total,7-9,1.2998014290000002
Message,>9,1.289196716
Trade,>9,1.2393725709999999
Total,>9,3.0922294019999996
