type,range,value
Message,0,18.674418125000003
Trade,0,24.621226186
Total,0,16.222498765999994
Message,1-3,7.474603340000002
Trade,1-3,3.9187310779999995
Total,1-3,8.845087794
Message,4-6,1.64622193
Trade,4-6,0.573126951
Total,4-6,2.060552205
Message,7-9,0.762608263
Trade,7-9,0.07381298
Total,7-9,0.853227908
Message,>9,1.442145845
Trade,>9,0.8131003159999998
Total,>9,2.018630832
