day,Diameter
1,0.2
2,0.14285714285714285
3,0.3333333333333333
4,0.0
5,0.1
6,0.2222222222222222
7,0.09090909090909091
8,0.4
9,0.06451612903225806
10,0.16666666666666666
11,0.1111111111111111
12,0.08333333333333333
13,0.3333333333333333
14,0.1
15,0.06666666666666667
16,0.1875
17,0.2
18,0.23076923076923078
19,0.1
20,0.0
21,0.3
22,0.125
23,0.1111111111111111
24,0.25
25,0.0
26,0.21428571428571427
27,0.1
28,0.0
29,0.2
30,0.07692307692307693
