Type,Range,Value
Trade,0,0.09048557268743626
Trade,1-10,0.6925721718445441
Trade,11-20,0.12526413858879484
Trade,21-30,0.04324044843431927
Trade,31-40,0.02110960479753286
Trade,41-50,0.010962376887470924
Trade,51-60,0.0056964588860719985
Trade,61-70,0.003956719973577683
Trade,71-80,0.0021552403488688337
Trade,81-90,0.0017358317382849169
Trade,91-100,0.0008397287842352063
Trade,>100,0.001981707028863049
