day;type;player;value
1;Total;2200;1.0
1;Total;10460;0.9515939389296632
1;Total;4298;0.8306680704243221
1;Total;7682;0.6674874462914232
1;Total;6690;0.5198069242061439
2;Total;2200;1.0
2;Total;2600;0.9178683741377325
2;Total;4298;0.8225148826366452
2;Total;2347;0.6598625657752312
2;Total;6690;0.5150262652392472
