NormalUserLeaderMessage,DiplomatsLeaderMessage
1.3289604881486317,2.0619841269841266
